{
    "Cashier":[
        {
        "ruolo":"cashier",
        "username": "cashier",
        "password": "cashier",
        "old": 23,
        "inprove":false,
        "income":1800
        }
         ],
     "Manager":[
         {
         "ruolo":"manager",
         "username": "manager",
         "password": "manager",
         "old": 23,
         "inprove":false,
         "income":1800
         }
          ],
      "Cooker":[
          {
          "ruolo":"cooker",
          "username": "cooker",
          "password": "cooker",
          "old": 23,
          "inprove":false,
          "income":1800
          }
           ]
}
